id,item_id,invoice_id,quantity,unit_price,created_at,updated_at
1,539,1,5,13635,2012-03-27 14:54:09 UTC,2012-03-27 14:54:09 UTC
2,528,1,9,23324,2012-03-27 14:54:09 UTC,2012-03-27 14:54:09 UTC
3,523,1,8,34873,2012-03-27 14:54:09 UTC,2012-03-27 14:54:09 UTC
4,535,1,3,2196,2012-03-27 14:54:09 UTC,2012-03-27 14:54:09 UTC
5,529,1,7,79140,2012-03-27 14:54:09 UTC,2012-03-27 14:54:09 UTC
6,541,1,5,52100,2012-03-27 14:54:09 UTC,2012-03-27 14:54:09 UTC
7,530,1,4,66747,2012-03-27 14:54:09 UTC,2012-03-27 14:54:09 UTC
8,534,1,6,76941,2012-03-27 14:54:09 UTC,2012-03-27 14:54:09 UTC
9,1832,2,6,29973,2012-03-27 14:54:09 UTC,2012-03-27 14:54:09 UTC
10,1830,2,4,1859,2012-03-27 14:54:09 UTC,2012-03-27 14:54:09 UTC
11,1849,2,3,30949,2012-03-27 14:54:09 UTC,2012-03-27 14:54:09 UTC
12,1845,2,8,31099,2012-03-27 14:54:09 UTC,2012-03-27 14:54:09 UTC
13,1921,3,4,78660,2012-03-27 14:54:09 UTC,2012-03-27 14:54:09 UTC
14,1920,3,7,4264,2012-03-27 14:54:09 UTC,2012-03-27 14:54:09 UTC
15,1918,3,5,72018,2012-03-27 14:54:09 UTC,2012-03-27 14:54:09 UTC
16,1918,3,9,72018,2012-03-27 14:54:10 UTC,2012-03-27 14:54:10 UTC
17,1922,3,5,46383,2012-03-27 14:54:10 UTC,2012-03-27 14:54:10 UTC
18,1921,3,5,78660,2012-03-27 14:54:10 UTC,2012-03-27 14:54:10 UTC
19,1917,3,8,48718,2012-03-27 14:54:10 UTC,2012-03-27 14:54:10 UTC
20,1918,3,9,72018,2012-03-27 14:54:10 UTC,2012-03-27 14:54:10 UTC
21,680,4,2,42203,2012-03-27 14:54:10 UTC,2012-03-27 14:54:10 UTC
22,687,4,3,37333,2012-03-27 14:54:10 UTC,2012-03-27 14:54:10 UTC
23,932,5,1,66412,2012-03-27 14:54:10 UTC,2012-03-27 14:54:10 UTC
24,937,5,10,49121,2012-03-27 14:54:10 UTC,2012-03-27 14:54:10 UTC
25,928,5,9,32346,2012-03-27 14:54:10 UTC,2012-03-27 14:54:10 UTC
26,936,5,10,73408,2012-03-27 14:54:10 UTC,2012-03-27 14:54:10 UTC
27,1867,6,2,8342,2012-03-27 14:54:10 UTC,2012-03-27 14:54:10 UTC
28,1878,6,3,48795,2012-03-27 14:54:10 UTC,2012-03-27 14:54:10 UTC
29,1858,6,2,22098,2012-03-27 14:54:10 UTC,2012-03-27 14:54:10 UTC
30,1862,6,6,18222,2012-03-27 14:54:10 UTC,2012-03-27 14:54:10 UTC
31,1865,6,2,50369,2012-03-27 14:54:10 UTC,2012-03-27 14:54:10 UTC
32,1853,6,1,25717,2012-03-27 14:54:10 UTC,2012-03-27 14:54:10 UTC
33,1871,6,1,34423,2012-03-27 14:54:10 UTC,2012-03-27 14:54:10 UTC
34,984,7,4,59584,2012-03-27 14:54:10 UTC,2012-03-27 14:54:10 UTC
35,970,7,9,97851,2012-03-27 14:54:10 UTC,2012-03-27 14:54:10 UTC
36,986,7,9,54689,2012-03-27 14:54:10 UTC,2012-03-27 14:54:10 UTC
37,969,7,2,45518,2012-03-27 14:54:10 UTC,2012-03-27 14:54:10 UTC
38,848,8,2,50051,2012-03-27 14:54:10 UTC,2012-03-27 14:54:10 UTC
39,848,8,5,50051,2012-03-27 14:54:10 UTC,2012-03-27 14:54:10 UTC
40,849,8,2,35772,2012-03-27 14:54:10 UTC,2012-03-27 14:54:10 UTC
41,847,8,2,70783,2012-03-27 14:54:10 UTC,2012-03-27 14:54:10 UTC
42,849,8,8,35772,2012-03-27 14:54:10 UTC,2012-03-27 14:54:10 UTC
43,847,8,9,70783,2012-03-27 14:54:10 UTC,2012-03-27 14:54:10 UTC
44,847,8,7,70783,2012-03-27 14:54:10 UTC,2012-03-27 14:54:10 UTC
45,847,8,7,70783,2012-03-27 14:54:10 UTC,2012-03-27 14:54:10 UTC
46,543,9,10,6056,2012-03-27 14:54:10 UTC,2012-03-27 14:54:10 UTC
47,547,9,4,48582,2012-03-27 14:54:10 UTC,2012-03-27 14:54:10 UTC
48,548,9,5,29744,2012-03-27 14:54:10 UTC,2012-03-27 14:54:10 UTC
49,2061,10,4,17154,2012-03-27 14:54:10 UTC,2012-03-27 14:54:10 UTC
50,2055,10,6,54368,2012-03-27 14:54:10 UTC,2012-03-27 14:54:10 UTC
51,2087,10,3,80725,2012-03-27 14:54:10 UTC,2012-03-27 14:54:10 UTC
52,2089,10,4,98668,2012-03-27 14:54:10 UTC,2012-03-27 14:54:10 UTC
53,2059,10,6,47367,2012-03-27 14:54:10 UTC,2012-03-27 14:54:10 UTC
54,1404,11,7,62086,2012-03-27 14:54:10 UTC,2012-03-27 14:54:10 UTC
55,1423,11,2,40187,2012-03-27 14:54:10 UTC,2012-03-27 14:54:10 UTC
56,150,12,2,78031,2012-03-27 14:54:10 UTC,2012-03-27 14:54:10 UTC
57,127,12,2,41702,2012-03-27 14:54:10 UTC,2012-03-27 14:54:10 UTC
58,156,12,6,71340,2012-03-27 14:54:10 UTC,2012-03-27 14:54:10 UTC
59,160,12,6,7196,2012-03-27 14:54:10 UTC,2012-03-27 14:54:10 UTC
60,127,12,3,41702,2012-03-27 14:54:10 UTC,2012-03-27 14:54:10 UTC
61,134,12,8,22546,2012-03-27 14:54:10 UTC,2012-03-27 14:54:10 UTC
62,719,13,4,6345,2012-03-27 14:54:10 UTC,2012-03-27 14:54:10 UTC
63,710,13,8,84928,2012-03-27 14:54:10 UTC,2012-03-27 14:54:10 UTC
64,712,13,10,84803,2012-03-27 14:54:10 UTC,2012-03-27 14:54:10 UTC
65,718,13,5,12098,2012-03-27 14:54:10 UTC,2012-03-27 14:54:10 UTC
66,721,13,2,3024,2012-03-27 14:54:10 UTC,2012-03-27 14:54:10 UTC
67,978,14,9,45253,2012-03-27 14:54:10 UTC,2012-03-27 14:54:10 UTC
68,974,14,4,67760,2012-03-27 14:54:10 UTC,2012-03-27 14:54:10 UTC
69,978,14,3,45253,2012-03-27 14:54:10 UTC,2012-03-27 14:54:10 UTC
70,983,14,1,55096,2012-03-27 14:54:10 UTC,2012-03-27 14:54:10 UTC
71,987,14,8,63465,2012-03-27 14:54:10 UTC,2012-03-27 14:54:10 UTC
72,981,14,3,2126,2012-03-27 14:54:10 UTC,2012-03-27 14:54:10 UTC
73,969,14,7,45518,2012-03-27 14:54:10 UTC,2012-03-27 14:54:10 UTC
74,972,14,6,91298,2012-03-27 14:54:10 UTC,2012-03-27 14:54:10 UTC
75,2039,15,7,75637,2012-03-27 14:54:10 UTC,2012-03-27 14:54:10 UTC
76,2030,15,7,74285,2012-03-27 14:54:10 UTC,2012-03-27 14:54:10 UTC
77,2032,15,4,45339,2012-03-27 14:54:10 UTC,2012-03-27 14:54:10 UTC
78,2037,15,1,89480,2012-03-27 14:54:10 UTC,2012-03-27 14:54:10 UTC
79,2029,15,3,82413,2012-03-27 14:54:10 UTC,2012-03-27 14:54:10 UTC
80,2027,15,1,93831,2012-03-27 14:54:10 UTC,2012-03-27 14:54:10 UTC
81,2041,15,8,92302,2012-03-27 14:54:10 UTC,2012-03-27 14:54:10 UTC
82,2037,15,8,89480,2012-03-27 14:54:10 UTC,2012-03-27 14:54:10 UTC
83,543,16,4,6056,2012-03-27 14:54:10 UTC,2012-03-27 14:54:10 UTC
84,227,17,6,85319,2012-03-27 14:54:10 UTC,2012-03-27 14:54:10 UTC
85,227,17,10,85319,2012-03-27 14:54:10 UTC,2012-03-27 14:54:10 UTC
86,227,17,6,85319,2012-03-27 14:54:10 UTC,2012-03-27 14:54:10 UTC
87,227,17,7,85319,2012-03-27 14:54:10 UTC,2012-03-27 14:54:10 UTC
88,1147,18,2,88660,2012-03-27 14:54:10 UTC,2012-03-27 14:54:10 UTC
89,1161,18,3,82821,2012-03-27 14:54:10 UTC,2012-03-27 14:54:10 UTC
90,1175,18,5,46317,2012-03-27 14:54:10 UTC,2012-03-27 14:54:10 UTC
91,1164,18,6,35891,2012-03-27 14:54:10 UTC,2012-03-27 14:54:10 UTC
92,1165,18,7,66599,2012-03-27 14:54:10 UTC,2012-03-27 14:54:10 UTC
93,1162,18,5,82819,2012-03-27 14:54:10 UTC,2012-03-27 14:54:10 UTC
94,1162,18,8,82819,2012-03-27 14:54:10 UTC,2012-03-27 14:54:10 UTC
95,1991,19,6,40767,2012-03-27 14:54:10 UTC,2012-03-27 14:54:10 UTC
96,2010,19,8,48177,2012-03-27 14:54:10 UTC,2012-03-27 14:54:10 UTC
97,1993,19,7,69590,2012-03-27 14:54:10 UTC,2012-03-27 14:54:10 UTC
98,205,20,7,98947,2012-03-27 14:54:10 UTC,2012-03-27 14:54:10 UTC
99,203,20,3,99465,2012-03-27 14:54:10 UTC,2012-03-27 14:54:10 UTC
100,201,20,2,77409,2012-03-27 14:54:10 UTC,2012-03-27 14:54:10 UTC
101,206,20,1,78612,2012-03-27 14:54:10 UTC,2012-03-27 14:54:10 UTC
102,201,20,1,77409,2012-03-27 14:54:10 UTC,2012-03-27 14:54:10 UTC
103,2184,21,4,50976,2012-03-27 14:54:10 UTC,2012-03-27 14:54:10 UTC
104,2178,21,6,96110,2012-03-27 14:54:10 UTC,2012-03-27 14:54:10 UTC
105,2183,21,8,70021,2012-03-27 14:54:10 UTC,2012-03-27 14:54:10 UTC
106,2190,21,10,79619,2012-03-27 14:54:10 UTC,2012-03-27 14:54:10 UTC
107,2209,21,5,26615,2012-03-27 14:54:10 UTC,2012-03-27 14:54:10 UTC
108,2209,21,3,26615,2012-03-27 14:54:10 UTC,2012-03-27 14:54:10 UTC
109,1928,22,1,5488,2012-03-27 14:54:10 UTC,2012-03-27 14:54:10 UTC
110,1923,22,5,83466,2012-03-27 14:54:10 UTC,2012-03-27 14:54:10 UTC
111,1925,22,7,81647,2012-03-27 14:54:10 UTC,2012-03-27 14:54:10 UTC
112,1924,22,9,74641,2012-03-27 14:54:10 UTC,2012-03-27 14:54:10 UTC
113,1927,22,10,88937,2012-03-27 14:54:11 UTC,2012-03-27 14:54:11 UTC
114,1926,22,2,70356,2012-03-27 14:54:11 UTC,2012-03-27 14:54:11 UTC
115,1926,22,4,70356,2012-03-27 14:54:11 UTC,2012-03-27 14:54:11 UTC
116,2213,23,6,90972,2012-03-27 14:54:11 UTC,2012-03-27 14:54:11 UTC
117,286,24,5,33554,2012-03-27 14:54:11 UTC,2012-03-27 14:54:11 UTC
118,305,24,4,49203,2012-03-27 14:54:11 UTC,2012-03-27 14:54:11 UTC
119,2071,25,10,20539,2012-03-27 14:54:11 UTC,2012-03-27 14:54:11 UTC
120,2086,25,9,75644,2012-03-27 14:54:11 UTC,2012-03-27 14:54:11 UTC
121,2064,25,8,94117,2012-03-27 14:54:11 UTC,2012-03-27 14:54:11 UTC
122,561,26,7,28965,2012-03-27 14:54:11 UTC,2012-03-27 14:54:11 UTC
123,562,26,3,21590,2012-03-27 14:54:11 UTC,2012-03-27 14:54:11 UTC
124,576,26,9,70137,2012-03-27 14:54:11 UTC,2012-03-27 14:54:11 UTC
125,553,26,4,10356,2012-03-27 14:54:11 UTC,2012-03-27 14:54:11 UTC
126,578,26,9,65505,2012-03-27 14:54:11 UTC,2012-03-27 14:54:11 UTC
127,560,26,1,65896,2012-03-27 14:54:11 UTC,2012-03-27 14:54:11 UTC
128,571,26,4,74817,2012-03-27 14:54:11 UTC,2012-03-27 14:54:11 UTC
129,1464,27,6,35980,2012-03-27 14:54:11 UTC,2012-03-27 14:54:11 UTC
130,2418,28,9,56345,2012-03-27 14:54:11 UTC,2012-03-27 14:54:11 UTC
131,2406,28,4,96918,2012-03-27 14:54:11 UTC,2012-03-27 14:54:11 UTC
132,2413,28,4,36881,2012-03-27 14:54:11 UTC,2012-03-27 14:54:11 UTC
133,9,29,9,22582,2012-03-27 14:54:11 UTC,2012-03-27 14:54:11 UTC
134,4,29,4,4291,2012-03-27 14:54:11 UTC,2012-03-27 14:54:11 UTC
135,1,29,2,75107,2012-03-27 14:54:11 UTC,2012-03-27 14:54:11 UTC
136,2,29,10,67076,2012-03-27 14:54:11 UTC,2012-03-27 14:54:11 UTC
137,4,29,1,4291,2012-03-27 14:54:11 UTC,2012-03-27 14:54:11 UTC
138,6,29,6,15925,2012-03-27 14:54:11 UTC,2012-03-27 14:54:11 UTC
139,7,29,4,31163,2012-03-27 14:54:11 UTC,2012-03-27 14:54:11 UTC
140,6,29,1,15925,2012-03-27 14:54:11 UTC,2012-03-27 14:54:11 UTC
141,551,30,5,49948,2012-03-27 14:54:11 UTC,2012-03-27 14:54:11 UTC
142,575,30,6,1047,2012-03-27 14:54:11 UTC,2012-03-27 14:54:11 UTC
143,1135,31,10,74446,2012-03-27 14:54:11 UTC,2012-03-27 14:54:11 UTC
144,1135,31,3,74446,2012-03-27 14:54:11 UTC,2012-03-27 14:54:11 UTC
145,1136,31,1,94933,2012-03-27 14:54:11 UTC,2012-03-27 14:54:11 UTC
146,1136,31,6,94933,2012-03-27 14:54:11 UTC,2012-03-27 14:54:11 UTC
147,1129,31,4,24053,2012-03-27 14:54:11 UTC,2012-03-27 14:54:11 UTC
148,1133,31,8,65964,2012-03-27 14:54:11 UTC,2012-03-27 14:54:11 UTC
149,1133,31,9,65964,2012-03-27 14:54:11 UTC,2012-03-27 14:54:11 UTC
150,2046,32,4,14772,2012-03-27 14:54:11 UTC,2012-03-27 14:54:11 UTC
151,2046,32,10,14772,2012-03-27 14:54:11 UTC,2012-03-27 14:54:11 UTC
152,2046,32,8,14772,2012-03-27 14:54:11 UTC,2012-03-27 14:54:11 UTC
153,2042,32,6,60093,2012-03-27 14:54:11 UTC,2012-03-27 14:54:11 UTC
154,2043,32,10,77563,2012-03-27 14:54:11 UTC,2012-03-27 14:54:11 UTC
155,2048,32,9,1553,2012-03-27 14:54:11 UTC,2012-03-27 14:54:11 UTC
156,2042,32,5,60093,2012-03-27 14:54:11 UTC,2012-03-27 14:54:11 UTC
157,2052,32,5,87411,2012-03-27 14:54:11 UTC,2012-03-27 14:54:11 UTC
158,956,33,5,10933,2012-03-27 14:54:11 UTC,2012-03-27 14:54:11 UTC
159,956,33,10,10933,2012-03-27 14:54:11 UTC,2012-03-27 14:54:11 UTC
160,963,33,2,30323,2012-03-27 14:54:11 UTC,2012-03-27 14:54:11 UTC
161,951,33,8,29868,2012-03-27 14:54:11 UTC,2012-03-27 14:54:11 UTC
162,961,33,10,82216,2012-03-27 14:54:11 UTC,2012-03-27 14:54:11 UTC
163,2371,34,9,90367,2012-03-27 14:54:11 UTC,2012-03-27 14:54:11 UTC
164,2364,34,5,94583,2012-03-27 14:54:11 UTC,2012-03-27 14:54:11 UTC
165,2394,34,6,68536,2012-03-27 14:54:11 UTC,2012-03-27 14:54:11 UTC
166,2391,34,4,68007,2012-03-27 14:54:11 UTC,2012-03-27 14:54:11 UTC
167,2376,34,9,48491,2012-03-27 14:54:11 UTC,2012-03-27 14:54:11 UTC
168,2372,34,1,91927,2012-03-27 14:54:11 UTC,2012-03-27 14:54:11 UTC
169,1377,35,4,17933,2012-03-27 14:54:11 UTC,2012-03-27 14:54:11 UTC
170,1391,35,6,45989,2012-03-27 14:54:11 UTC,2012-03-27 14:54:11 UTC
171,1391,35,3,45989,2012-03-27 14:54:11 UTC,2012-03-27 14:54:11 UTC
172,2321,36,9,88102,2012-03-27 14:54:11 UTC,2012-03-27 14:54:11 UTC
173,2324,36,8,30485,2012-03-27 14:54:11 UTC,2012-03-27 14:54:11 UTC
174,2310,36,4,52356,2012-03-27 14:54:11 UTC,2012-03-27 14:54:11 UTC
175,854,37,2,37571,2012-03-27 14:54:11 UTC,2012-03-27 14:54:11 UTC
176,1808,38,3,65305,2012-03-27 14:54:11 UTC,2012-03-27 14:54:11 UTC
177,1802,38,4,63232,2012-03-27 14:54:11 UTC,2012-03-27 14:54:11 UTC
178,938,39,7,57632,2012-03-27 14:54:11 UTC,2012-03-27 14:54:11 UTC
179,925,39,5,38716,2012-03-27 14:54:11 UTC,2012-03-27 14:54:11 UTC
180,931,39,1,32321,2012-03-27 14:54:11 UTC,2012-03-27 14:54:11 UTC
181,934,39,8,45218,2012-03-27 14:54:11 UTC,2012-03-27 14:54:11 UTC
182,925,39,5,38716,2012-03-27 14:54:11 UTC,2012-03-27 14:54:11 UTC
183,924,39,3,40138,2012-03-27 14:54:11 UTC,2012-03-27 14:54:11 UTC
184,2247,40,10,17505,2012-03-27 14:54:11 UTC,2012-03-27 14:54:11 UTC
185,2263,40,5,63451,2012-03-27 14:54:11 UTC,2012-03-27 14:54:11 UTC
186,2249,40,10,82457,2012-03-27 14:54:11 UTC,2012-03-27 14:54:11 UTC
187,2269,40,3,53765,2012-03-27 14:54:11 UTC,2012-03-27 14:54:11 UTC
188,2268,40,4,37578,2012-03-27 14:54:11 UTC,2012-03-27 14:54:11 UTC
189,2276,41,9,56253,2012-03-27 14:54:11 UTC,2012-03-27 14:54:11 UTC
190,1210,42,2,15191,2012-03-27 14:54:11 UTC,2012-03-27 14:54:11 UTC
191,1202,42,3,68910,2012-03-27 14:54:11 UTC,2012-03-27 14:54:11 UTC
192,1190,42,1,91251,2012-03-27 14:54:11 UTC,2012-03-27 14:54:11 UTC
193,1185,42,2,14004,2012-03-27 14:54:11 UTC,2012-03-27 14:54:11 UTC
194,1218,42,7,22512,2012-03-27 14:54:11 UTC,2012-03-27 14:54:11 UTC
195,1220,42,9,15460,2012-03-27 14:54:11 UTC,2012-03-27 14:54:11 UTC
196,1293,43,7,2631,2012-03-27 14:54:11 UTC,2012-03-27 14:54:11 UTC
197,1290,43,9,30157,2012-03-27 14:54:11 UTC,2012-03-27 14:54:11 UTC
198,1326,43,8,85707,2012-03-27 14:54:11 UTC,2012-03-27 14:54:11 UTC
199,1282,43,9,62925,2012-03-27 14:54:11 UTC,2012-03-27 14:54:11 UTC
200,1286,43,1,40897,2012-03-27 14:54:11 UTC,2012-03-27 14:54:11 UTC
201,85,44,6,6853,2012-03-27 14:54:11 UTC,2012-03-27 14:54:11 UTC
202,84,44,1,88026,2012-03-27 14:54:11 UTC,2012-03-27 14:54:11 UTC
203,37,45,10,10781,2012-03-27 14:54:11 UTC,2012-03-27 14:54:11 UTC
204,52,45,8,85642,2012-03-27 14:54:11 UTC,2012-03-27 14:54:11 UTC
205,2089,46,1,98668,2012-03-27 14:54:12 UTC,2012-03-27 14:54:12 UTC
206,1056,47,5,91721,2012-03-27 14:54:12 UTC,2012-03-27 14:54:12 UTC
207,1229,48,1,54715,2012-03-27 14:54:12 UTC,2012-03-27 14:54:12 UTC
208,1221,48,1,43691,2012-03-27 14:54:12 UTC,2012-03-27 14:54:12 UTC
209,1400,49,7,27462,2012-03-27 14:54:12 UTC,2012-03-27 14:54:12 UTC
210,1411,49,10,62071,2012-03-27 14:54:12 UTC,2012-03-27 14:54:12 UTC
211,1403,49,7,96859,2012-03-27 14:54:12 UTC,2012-03-27 14:54:12 UTC
212,1418,49,9,91809,2012-03-27 14:54:12 UTC,2012-03-27 14:54:12 UTC
213,1421,49,3,91272,2012-03-27 14:54:12 UTC,2012-03-27 14:54:12 UTC
214,1415,49,4,97280,2012-03-27 14:54:12 UTC,2012-03-27 14:54:12 UTC
215,1407,49,5,56493,2012-03-27 14:54:12 UTC,2012-03-27 14:54:12 UTC
216,584,50,8,86112,2012-03-27 14:54:12 UTC,2012-03-27 14:54:12 UTC
217,588,50,10,31650,2012-03-27 14:54:12 UTC,2012-03-27 14:54:12 UTC
218,590,50,5,80827,2012-03-27 14:54:12 UTC,2012-03-27 14:54:12 UTC
219,585,50,5,65382,2012-03-27 14:54:12 UTC,2012-03-27 14:54:12 UTC
220,587,50,1,5003,2012-03-27 14:54:12 UTC,2012-03-27 14:54:12 UTC
221,1118,51,1,28509,2012-03-27 14:54:12 UTC,2012-03-27 14:54:12 UTC
222,1119,51,10,94378,2012-03-27 14:54:12 UTC,2012-03-27 14:54:12 UTC
223,1119,51,1,94378,2012-03-27 14:54:12 UTC,2012-03-27 14:54:12 UTC
224,1119,51,5,94378,2012-03-27 14:54:12 UTC,2012-03-27 14:54:12 UTC
225,1119,51,4,94378,2012-03-27 14:54:12 UTC,2012-03-27 14:54:12 UTC
226,1118,51,2,28509,2012-03-27 14:54:12 UTC,2012-03-27 14:54:12 UTC
227,2130,52,8,46139,2012-03-27 14:54:12 UTC,2012-03-27 14:54:12 UTC
228,2117,52,4,19490,2012-03-27 14:54:12 UTC,2012-03-27 14:54:12 UTC
229,2124,52,5,94618,2012-03-27 14:54:12 UTC,2012-03-27 14:54:12 UTC
230,2102,52,3,64411,2012-03-27 14:54:12 UTC,2012-03-27 14:54:12 UTC
231,2118,52,4,23307,2012-03-27 14:54:12 UTC,2012-03-27 14:54:12 UTC
232,2120,52,3,10678,2012-03-27 14:54:12 UTC,2012-03-27 14:54:12 UTC
233,738,53,8,40427,2012-03-27 14:54:12 UTC,2012-03-27 14:54:12 UTC
234,720,53,1,42842,2012-03-27 14:54:12 UTC,2012-03-27 14:54:12 UTC
235,702,53,8,21482,2012-03-27 14:54:12 UTC,2012-03-27 14:54:12 UTC
236,735,53,7,75044,2012-03-27 14:54:12 UTC,2012-03-27 14:54:12 UTC
237,209,54,8,23092,2012-03-27 14:54:12 UTC,2012-03-27 14:54:12 UTC
238,209,54,4,23092,2012-03-27 14:54:12 UTC,2012-03-27 14:54:12 UTC
239,207,54,1,32427,2012-03-27 14:54:12 UTC,2012-03-27 14:54:12 UTC
240,2431,55,1,59133,2012-03-27 14:54:12 UTC,2012-03-27 14:54:12 UTC
241,2403,55,7,53905,2012-03-27 14:54:12 UTC,2012-03-27 14:54:12 UTC
242,2419,55,8,79964,2012-03-27 14:54:12 UTC,2012-03-27 14:54:12 UTC
243,2397,55,3,4265,2012-03-27 14:54:12 UTC,2012-03-27 14:54:12 UTC
244,2406,55,2,96918,2012-03-27 14:54:12 UTC,2012-03-27 14:54:12 UTC
245,2398,55,5,71222,2012-03-27 14:54:12 UTC,2012-03-27 14:54:12 UTC
246,2411,55,10,59496,2012-03-27 14:54:12 UTC,2012-03-27 14:54:12 UTC
247,668,56,7,23467,2012-03-27 14:54:12 UTC,2012-03-27 14:54:12 UTC
248,674,56,7,99028,2012-03-27 14:54:12 UTC,2012-03-27 14:54:12 UTC
249,644,56,3,51226,2012-03-27 14:54:12 UTC,2012-03-27 14:54:12 UTC
250,675,56,6,85298,2012-03-27 14:54:12 UTC,2012-03-27 14:54:12 UTC
251,648,56,1,35490,2012-03-27 14:54:12 UTC,2012-03-27 14:54:12 UTC
252,657,56,8,61628,2012-03-27 14:54:12 UTC,2012-03-27 14:54:12 UTC
253,1800,57,1,65003,2012-03-27 14:54:12 UTC,2012-03-27 14:54:12 UTC
254,1792,57,4,22489,2012-03-27 14:54:12 UTC,2012-03-27 14:54:12 UTC
255,1787,57,1,10924,2012-03-27 14:54:12 UTC,2012-03-27 14:54:12 UTC
256,1808,57,5,65305,2012-03-27 14:54:12 UTC,2012-03-27 14:54:12 UTC
257,1783,57,9,61013,2012-03-27 14:54:12 UTC,2012-03-27 14:54:12 UTC
258,1801,57,9,55332,2012-03-27 14:54:12 UTC,2012-03-27 14:54:12 UTC
259,1798,57,7,82201,2012-03-27 14:54:12 UTC,2012-03-27 14:54:12 UTC
260,1803,57,6,37887,2012-03-27 14:54:12 UTC,2012-03-27 14:54:12 UTC
261,1729,58,9,58542,2012-03-27 14:54:12 UTC,2012-03-27 14:54:12 UTC
262,1730,58,2,12643,2012-03-27 14:54:12 UTC,2012-03-27 14:54:12 UTC
263,1729,58,7,58542,2012-03-27 14:54:12 UTC,2012-03-27 14:54:12 UTC
264,2266,59,8,10491,2012-03-27 14:54:12 UTC,2012-03-27 14:54:12 UTC
265,1138,60,5,31761,2012-03-27 14:54:12 UTC,2012-03-27 14:54:12 UTC
266,1140,60,7,87012,2012-03-27 14:54:12 UTC,2012-03-27 14:54:12 UTC
267,1135,60,2,74446,2012-03-27 14:54:12 UTC,2012-03-27 14:54:12 UTC
268,1132,60,6,21446,2012-03-27 14:54:12 UTC,2012-03-27 14:54:12 UTC
269,1134,60,3,90590,2012-03-27 14:54:12 UTC,2012-03-27 14:54:12 UTC
270,1127,60,4,70048,2012-03-27 14:54:12 UTC,2012-03-27 14:54:12 UTC
271,1129,60,4,24053,2012-03-27 14:54:12 UTC,2012-03-27 14:54:12 UTC
272,1867,61,5,8342,2012-03-27 14:54:12 UTC,2012-03-27 14:54:12 UTC
273,1855,61,3,2488,2012-03-27 14:54:12 UTC,2012-03-27 14:54:12 UTC
274,1872,61,3,32622,2012-03-27 14:54:12 UTC,2012-03-27 14:54:12 UTC
275,1863,61,3,13505,2012-03-27 14:54:12 UTC,2012-03-27 14:54:12 UTC
276,1883,61,9,83674,2012-03-27 14:54:12 UTC,2012-03-27 14:54:12 UTC
277,2359,62,9,98779,2012-03-27 14:54:12 UTC,2012-03-27 14:54:12 UTC
278,2340,62,10,70575,2012-03-27 14:54:12 UTC,2012-03-27 14:54:12 UTC
279,2341,62,9,28398,2012-03-27 14:54:12 UTC,2012-03-27 14:54:12 UTC
280,2329,62,4,89131,2012-03-27 14:54:12 UTC,2012-03-27 14:54:12 UTC
281,2337,62,8,56486,2012-03-27 14:54:12 UTC,2012-03-27 14:54:12 UTC
282,2342,62,7,31791,2012-03-27 14:54:12 UTC,2012-03-27 14:54:12 UTC
283,2330,62,1,45253,2012-03-27 14:54:12 UTC,2012-03-27 14:54:12 UTC
284,2334,62,4,97216,2012-03-27 14:54:12 UTC,2012-03-27 14:54:12 UTC
285,321,63,8,37750,2012-03-27 14:54:12 UTC,2012-03-27 14:54:12 UTC
286,320,63,8,62620,2012-03-27 14:54:12 UTC,2012-03-27 14:54:12 UTC
287,322,63,3,43120,2012-03-27 14:54:12 UTC,2012-03-27 14:54:12 UTC
288,328,63,1,17605,2012-03-27 14:54:12 UTC,2012-03-27 14:54:12 UTC
289,2301,64,1,53742,2012-03-27 14:54:12 UTC,2012-03-27 14:54:12 UTC
290,2301,64,5,53742,2012-03-27 14:54:12 UTC,2012-03-27 14:54:12 UTC
291,2302,64,5,3590,2012-03-27 14:54:12 UTC,2012-03-27 14:54:12 UTC
292,1869,65,4,18827,2012-03-27 14:54:12 UTC,2012-03-27 14:54:12 UTC
293,1853,65,5,25717,2012-03-27 14:54:12 UTC,2012-03-27 14:54:12 UTC
294,1876,65,4,84160,2012-03-27 14:54:12 UTC,2012-03-27 14:54:12 UTC
295,1867,65,10,8342,2012-03-27 14:54:12 UTC,2012-03-27 14:54:12 UTC
296,1332,66,1,71337,2012-03-27 14:54:12 UTC,2012-03-27 14:54:12 UTC
297,1368,66,7,27409,2012-03-27 14:54:12 UTC,2012-03-27 14:54:12 UTC
298,1356,66,4,25236,2012-03-27 14:54:12 UTC,2012-03-27 14:54:12 UTC
299,1330,66,9,67733,2012-03-27 14:54:12 UTC,2012-03-27 14:54:12 UTC
300,1067,67,6,37496,2012-03-27 14:54:12 UTC,2012-03-27 14:54:12 UTC
301,1053,67,9,56433,2012-03-27 14:54:12 UTC,2012-03-27 14:54:12 UTC
302,1065,67,3,64747,2012-03-27 14:54:12 UTC,2012-03-27 14:54:12 UTC
303,1066,67,4,49094,2012-03-27 14:54:13 UTC,2012-03-27 14:54:13 UTC
304,1056,67,2,91721,2012-03-27 14:54:13 UTC,2012-03-27 14:54:13 UTC
305,1069,67,5,25041,2012-03-27 14:54:13 UTC,2012-03-27 14:54:13 UTC
306,1051,67,4,10556,2012-03-27 14:54:13 UTC,2012-03-27 14:54:13 UTC
307,2269,68,1,53765,2012-03-27 14:54:13 UTC,2012-03-27 14:54:13 UTC
308,2268,68,10,37578,2012-03-27 14:54:13 UTC,2012-03-27 14:54:13 UTC
309,2257,68,8,33574,2012-03-27 14:54:13 UTC,2012-03-27 14:54:13 UTC
310,2265,68,5,33935,2012-03-27 14:54:13 UTC,2012-03-27 14:54:13 UTC
311,389,69,10,47454,2012-03-27 14:54:13 UTC,2012-03-27 14:54:13 UTC
312,375,69,6,98799,2012-03-27 14:54:13 UTC,2012-03-27 14:54:13 UTC
313,406,69,10,21768,2012-03-27 14:54:13 UTC,2012-03-27 14:54:13 UTC
314,382,69,9,4830,2012-03-27 14:54:13 UTC,2012-03-27 14:54:13 UTC
315,396,69,4,8165,2012-03-27 14:54:13 UTC,2012-03-27 14:54:13 UTC
316,382,69,2,4830,2012-03-27 14:54:13 UTC,2012-03-27 14:54:13 UTC
317,406,69,3,21768,2012-03-27 14:54:13 UTC,2012-03-27 14:54:13 UTC
318,418,70,4,61528,2012-03-27 14:54:13 UTC,2012-03-27 14:54:13 UTC
319,412,70,3,88334,2012-03-27 14:54:13 UTC,2012-03-27 14:54:13 UTC
320,422,70,2,31527,2012-03-27 14:54:13 UTC,2012-03-27 14:54:13 UTC
321,846,71,9,70555,2012-03-27 14:54:13 UTC,2012-03-27 14:54:13 UTC
322,834,71,5,29886,2012-03-27 14:54:13 UTC,2012-03-27 14:54:13 UTC
323,846,71,5,70555,2012-03-27 14:54:13 UTC,2012-03-27 14:54:13 UTC
324,827,71,5,21932,2012-03-27 14:54:13 UTC,2012-03-27 14:54:13 UTC
325,840,71,3,68348,2012-03-27 14:54:13 UTC,2012-03-27 14:54:13 UTC
326,827,71,1,21932,2012-03-27 14:54:13 UTC,2012-03-27 14:54:13 UTC
327,821,71,2,38471,2012-03-27 14:54:13 UTC,2012-03-27 14:54:13 UTC
328,825,71,1,13595,2012-03-27 14:54:13 UTC,2012-03-27 14:54:13 UTC
329,1392,72,8,10952,2012-03-27 14:54:13 UTC,2012-03-27 14:54:13 UTC
330,1384,72,10,56466,2012-03-27 14:54:13 UTC,2012-03-27 14:54:13 UTC
331,1379,72,5,46171,2012-03-27 14:54:13 UTC,2012-03-27 14:54:13 UTC
332,1382,72,5,44992,2012-03-27 14:54:13 UTC,2012-03-27 14:54:13 UTC
333,1392,72,6,10952,2012-03-27 14:54:13 UTC,2012-03-27 14:54:13 UTC
334,1374,72,7,62617,2012-03-27 14:54:13 UTC,2012-03-27 14:54:13 UTC
335,1382,72,5,44992,2012-03-27 14:54:13 UTC,2012-03-27 14:54:13 UTC
336,1374,72,2,62617,2012-03-27 14:54:13 UTC,2012-03-27 14:54:13 UTC
337,204,73,7,21739,2012-03-27 14:54:13 UTC,2012-03-27 14:54:13 UTC
338,203,73,9,99465,2012-03-27 14:54:13 UTC,2012-03-27 14:54:13 UTC
339,206,73,10,78612,2012-03-27 14:54:13 UTC,2012-03-27 14:54:13 UTC
340,203,73,10,99465,2012-03-27 14:54:13 UTC,2012-03-27 14:54:13 UTC
341,206,73,3,78612,2012-03-27 14:54:13 UTC,2012-03-27 14:54:13 UTC
342,206,73,5,78612,2012-03-27 14:54:13 UTC,2012-03-27 14:54:13 UTC
343,206,73,5,78612,2012-03-27 14:54:13 UTC,2012-03-27 14:54:13 UTC
344,2281,74,1,87909,2012-03-27 14:54:13 UTC,2012-03-27 14:54:13 UTC
345,2287,74,5,70021,2012-03-27 14:54:13 UTC,2012-03-27 14:54:13 UTC
346,2297,74,9,34434,2012-03-27 14:54:13 UTC,2012-03-27 14:54:13 UTC
347,2280,74,8,18764,2012-03-27 14:54:13 UTC,2012-03-27 14:54:13 UTC
348,2284,74,5,46910,2012-03-27 14:54:13 UTC,2012-03-27 14:54:13 UTC
349,2298,74,10,31708,2012-03-27 14:54:13 UTC,2012-03-27 14:54:13 UTC
350,487,75,5,70708,2012-03-27 14:54:13 UTC,2012-03-27 14:54:13 UTC
351,490,75,2,70681,2012-03-27 14:54:13 UTC,2012-03-27 14:54:13 UTC
352,498,75,2,14463,2012-03-27 14:54:13 UTC,2012-03-27 14:54:13 UTC
353,482,75,3,77194,2012-03-27 14:54:13 UTC,2012-03-27 14:54:13 UTC
354,487,75,7,70708,2012-03-27 14:54:13 UTC,2012-03-27 14:54:13 UTC
355,495,75,4,12777,2012-03-27 14:54:13 UTC,2012-03-27 14:54:13 UTC
356,503,75,6,29771,2012-03-27 14:54:13 UTC,2012-03-27 14:54:13 UTC
357,512,75,8,37266,2012-03-27 14:54:13 UTC,2012-03-27 14:54:13 UTC
358,450,76,1,19142,2012-03-27 14:54:13 UTC,2012-03-27 14:54:13 UTC
359,46,77,6,39226,2012-03-27 14:54:13 UTC,2012-03-27 14:54:13 UTC
360,1264,78,5,70298,2012-03-27 14:54:13 UTC,2012-03-27 14:54:13 UTC
361,1261,78,4,39733,2012-03-27 14:54:13 UTC,2012-03-27 14:54:13 UTC
362,1255,78,2,93495,2012-03-27 14:54:13 UTC,2012-03-27 14:54:13 UTC
363,1237,78,4,30520,2012-03-27 14:54:13 UTC,2012-03-27 14:54:13 UTC
364,1263,78,7,46807,2012-03-27 14:54:13 UTC,2012-03-27 14:54:13 UTC
365,1976,79,2,27923,2012-03-27 14:54:13 UTC,2012-03-27 14:54:13 UTC
366,1977,79,7,13832,2012-03-27 14:54:13 UTC,2012-03-27 14:54:13 UTC
367,1975,79,3,66046,2012-03-27 14:54:13 UTC,2012-03-27 14:54:13 UTC
368,1978,79,5,42491,2012-03-27 14:54:13 UTC,2012-03-27 14:54:13 UTC
369,1976,79,6,27923,2012-03-27 14:54:13 UTC,2012-03-27 14:54:13 UTC
370,1977,79,8,13832,2012-03-27 14:54:13 UTC,2012-03-27 14:54:13 UTC
371,1977,79,2,13832,2012-03-27 14:54:13 UTC,2012-03-27 14:54:13 UTC
372,313,80,1,70891,2012-03-27 14:54:13 UTC,2012-03-27 14:54:13 UTC
373,308,80,8,70146,2012-03-27 14:54:13 UTC,2012-03-27 14:54:13 UTC
374,307,80,6,42201,2012-03-27 14:54:13 UTC,2012-03-27 14:54:13 UTC
375,1977,81,8,13832,2012-03-27 14:54:13 UTC,2012-03-27 14:54:13 UTC
376,1978,81,10,42491,2012-03-27 14:54:13 UTC,2012-03-27 14:54:13 UTC
377,1464,82,7,35980,2012-03-27 14:54:13 UTC,2012-03-27 14:54:13 UTC
378,1449,82,4,30655,2012-03-27 14:54:13 UTC,2012-03-27 14:54:13 UTC
379,1464,82,5,35980,2012-03-27 14:54:13 UTC,2012-03-27 14:54:13 UTC
380,1438,82,10,73981,2012-03-27 14:54:13 UTC,2012-03-27 14:54:13 UTC
381,1460,82,9,49965,2012-03-27 14:54:13 UTC,2012-03-27 14:54:13 UTC
382,1444,82,4,20968,2012-03-27 14:54:13 UTC,2012-03-27 14:54:13 UTC
383,674,83,1,99028,2012-03-27 14:54:13 UTC,2012-03-27 14:54:13 UTC
384,658,83,7,70995,2012-03-27 14:54:13 UTC,2012-03-27 14:54:13 UTC
385,656,83,3,24580,2012-03-27 14:54:13 UTC,2012-03-27 14:54:13 UTC
386,651,83,3,11696,2012-03-27 14:54:13 UTC,2012-03-27 14:54:13 UTC
387,681,84,4,54535,2012-03-27 14:54:13 UTC,2012-03-27 14:54:13 UTC
388,679,84,1,30402,2012-03-27 14:54:13 UTC,2012-03-27 14:54:13 UTC
389,682,84,2,5944,2012-03-27 14:54:13 UTC,2012-03-27 14:54:13 UTC
390,688,84,3,70376,2012-03-27 14:54:13 UTC,2012-03-27 14:54:13 UTC
391,218,85,9,46258,2012-03-27 14:54:13 UTC,2012-03-27 14:54:13 UTC
392,216,85,5,72042,2012-03-27 14:54:13 UTC,2012-03-27 14:54:13 UTC
393,71,86,2,2896,2012-03-27 14:54:13 UTC,2012-03-27 14:54:13 UTC
394,56,86,9,53898,2012-03-27 14:54:13 UTC,2012-03-27 14:54:13 UTC
395,71,86,1,2896,2012-03-27 14:54:13 UTC,2012-03-27 14:54:13 UTC
396,57,86,1,41548,2012-03-27 14:54:13 UTC,2012-03-27 14:54:13 UTC
397,66,86,3,40482,2012-03-27 14:54:13 UTC,2012-03-27 14:54:13 UTC
398,65,86,3,96377,2012-03-27 14:54:13 UTC,2012-03-27 14:54:13 UTC
399,590,87,1,80827,2012-03-27 14:54:13 UTC,2012-03-27 14:54:13 UTC
400,586,87,6,17304,2012-03-27 14:54:13 UTC,2012-03-27 14:54:13 UTC
401,586,87,6,17304,2012-03-27 14:54:13 UTC,2012-03-27 14:54:13 UTC
402,586,87,10,17304,2012-03-27 14:54:13 UTC,2012-03-27 14:54:13 UTC
403,201,88,2,77409,2012-03-27 14:54:14 UTC,2012-03-27 14:54:14 UTC
404,204,88,7,21739,2012-03-27 14:54:14 UTC,2012-03-27 14:54:14 UTC
405,206,88,10,78612,2012-03-27 14:54:14 UTC,2012-03-27 14:54:14 UTC
406,204,88,8,21739,2012-03-27 14:54:14 UTC,2012-03-27 14:54:14 UTC
407,201,88,4,77409,2012-03-27 14:54:14 UTC,2012-03-27 14:54:14 UTC
408,2288,89,5,40440,2012-03-27 14:54:14 UTC,2012-03-27 14:54:14 UTC
409,2287,89,2,70021,2012-03-27 14:54:14 UTC,2012-03-27 14:54:14 UTC
410,2291,89,9,27426,2012-03-27 14:54:14 UTC,2012-03-27 14:54:14 UTC
411,1641,90,2,88348,2012-03-27 14:54:14 UTC,2012-03-27 14:54:14 UTC
412,1669,90,1,15879,2012-03-27 14:54:14 UTC,2012-03-27 14:54:14 UTC
413,1656,90,5,33431,2012-03-27 14:54:14 UTC,2012-03-27 14:54:14 UTC
414,1672,90,1,504,2012-03-27 14:54:14 UTC,2012-03-27 14:54:14 UTC
415,1661,90,3,58642,2012-03-27 14:54:14 UTC,2012-03-27 14:54:14 UTC
416,1670,90,3,70021,2012-03-27 14:54:14 UTC,2012-03-27 14:54:14 UTC
417,1645,90,10,25654,2012-03-27 14:54:14 UTC,2012-03-27 14:54:14 UTC
418,497,91,8,95817,2012-03-27 14:54:14 UTC,2012-03-27 14:54:14 UTC
419,506,91,1,88215,2012-03-27 14:54:14 UTC,2012-03-27 14:54:14 UTC
420,484,91,10,47993,2012-03-27 14:54:14 UTC,2012-03-27 14:54:14 UTC
421,517,91,1,51084,2012-03-27 14:54:14 UTC,2012-03-27 14:54:14 UTC
422,632,92,9,88417,2012-03-27 14:54:14 UTC,2012-03-27 14:54:14 UTC
423,641,92,5,22941,2012-03-27 14:54:14 UTC,2012-03-27 14:54:14 UTC
424,625,92,5,74784,2012-03-27 14:54:14 UTC,2012-03-27 14:54:14 UTC
425,625,92,4,74784,2012-03-27 14:54:14 UTC,2012-03-27 14:54:14 UTC
426,2133,93,4,51430,2012-03-27 14:54:14 UTC,2012-03-27 14:54:14 UTC
427,2172,93,8,51277,2012-03-27 14:54:14 UTC,2012-03-27 14:54:14 UTC
428,2134,93,8,65654,2012-03-27 14:54:14 UTC,2012-03-27 14:54:14 UTC
429,2134,93,10,65654,2012-03-27 14:54:14 UTC,2012-03-27 14:54:14 UTC
430,2170,93,3,33892,2012-03-27 14:54:14 UTC,2012-03-27 14:54:14 UTC
431,2152,93,4,98718,2012-03-27 14:54:14 UTC,2012-03-27 14:54:14 UTC
432,2155,93,6,44420,2012-03-27 14:54:14 UTC,2012-03-27 14:54:14 UTC
433,955,94,5,8147,2012-03-27 14:54:14 UTC,2012-03-27 14:54:14 UTC
434,963,94,5,30323,2012-03-27 14:54:14 UTC,2012-03-27 14:54:14 UTC
435,957,94,7,43667,2012-03-27 14:54:14 UTC,2012-03-27 14:54:14 UTC
436,961,94,6,82216,2012-03-27 14:54:14 UTC,2012-03-27 14:54:14 UTC
437,954,94,1,47226,2012-03-27 14:54:14 UTC,2012-03-27 14:54:14 UTC
438,953,94,5,31901,2012-03-27 14:54:14 UTC,2012-03-27 14:54:14 UTC
439,962,94,1,23346,2012-03-27 14:54:14 UTC,2012-03-27 14:54:14 UTC
440,964,94,2,72268,2012-03-27 14:54:14 UTC,2012-03-27 14:54:14 UTC
441,638,95,4,3028,2012-03-27 14:54:14 UTC,2012-03-27 14:54:14 UTC
442,628,95,1,60110,2012-03-27 14:54:14 UTC,2012-03-27 14:54:14 UTC
443,628,95,2,60110,2012-03-27 14:54:14 UTC,2012-03-27 14:54:14 UTC
444,1013,96,2,98622,2012-03-27 14:54:14 UTC,2012-03-27 14:54:14 UTC
445,1007,96,5,69447,2012-03-27 14:54:14 UTC,2012-03-27 14:54:14 UTC
446,1012,96,1,31941,2012-03-27 14:54:14 UTC,2012-03-27 14:54:14 UTC
447,1003,96,3,90833,2012-03-27 14:54:14 UTC,2012-03-27 14:54:14 UTC
448,1012,96,7,31941,2012-03-27 14:54:14 UTC,2012-03-27 14:54:14 UTC
449,988,96,7,86488,2012-03-27 14:54:14 UTC,2012-03-27 14:54:14 UTC
450,1003,96,8,90833,2012-03-27 14:54:14 UTC,2012-03-27 14:54:14 UTC
451,1006,96,4,91026,2012-03-27 14:54:14 UTC,2012-03-27 14:54:14 UTC
452,1952,97,7,57869,2012-03-27 14:54:14 UTC,2012-03-27 14:54:14 UTC
453,1943,97,6,35717,2012-03-27 14:54:14 UTC,2012-03-27 14:54:14 UTC
454,1936,97,3,43485,2012-03-27 14:54:14 UTC,2012-03-27 14:54:14 UTC
455,1947,97,8,3094,2012-03-27 14:54:14 UTC,2012-03-27 14:54:14 UTC
456,1967,97,6,86746,2012-03-27 14:54:14 UTC,2012-03-27 14:54:14 UTC
457,544,98,2,32759,2012-03-27 14:54:14 UTC,2012-03-27 14:54:14 UTC
458,545,98,9,72968,2012-03-27 14:54:14 UTC,2012-03-27 14:54:14 UTC
459,542,98,7,15420,2012-03-27 14:54:14 UTC,2012-03-27 14:54:14 UTC
460,1792,99,2,22489,2012-03-27 14:54:14 UTC,2012-03-27 14:54:14 UTC
461,1782,99,7,23208,2012-03-27 14:54:14 UTC,2012-03-27 14:54:14 UTC
462,1789,99,6,90003,2012-03-27 14:54:14 UTC,2012-03-27 14:54:14 UTC
463,1780,99,5,53605,2012-03-27 14:54:14 UTC,2012-03-27 14:54:14 UTC
464,1790,99,6,68074,2012-03-27 14:54:14 UTC,2012-03-27 14:54:14 UTC
465,1809,99,9,35226,2012-03-27 14:54:14 UTC,2012-03-27 14:54:14 UTC
466,1783,99,7,61013,2012-03-27 14:54:14 UTC,2012-03-27 14:54:14 UTC
467,1789,99,5,90003,2012-03-27 14:54:14 UTC,2012-03-27 14:54:14 UTC
468,1579,100,7,96517,2012-03-27 14:54:14 UTC,2012-03-27 14:54:14 UTC
469,1588,100,6,79478,2012-03-27 14:54:14 UTC,2012-03-27 14:54:14 UTC
470,1563,100,4,84610,2012-03-27 14:54:14 UTC,2012-03-27 14:54:14 UTC
471,2388,101,10,57606,2012-03-27 14:54:14 UTC,2012-03-27 14:54:14 UTC
472,2371,101,9,90367,2012-03-27 14:54:14 UTC,2012-03-27 14:54:14 UTC
473,2380,101,8,97907,2012-03-27 14:54:14 UTC,2012-03-27 14:54:14 UTC
474,2377,101,4,62912,2012-03-27 14:54:14 UTC,2012-03-27 14:54:14 UTC
475,227,102,10,85319,2012-03-27 14:54:14 UTC,2012-03-27 14:54:14 UTC
476,227,102,6,85319,2012-03-27 14:54:14 UTC,2012-03-27 14:54:14 UTC
477,227,102,9,85319,2012-03-27 14:54:14 UTC,2012-03-27 14:54:14 UTC
478,227,102,7,85319,2012-03-27 14:54:14 UTC,2012-03-27 14:54:14 UTC
479,227,102,2,85319,2012-03-27 14:54:14 UTC,2012-03-27 14:54:14 UTC
480,1258,103,7,96108,2012-03-27 14:54:14 UTC,2012-03-27 14:54:14 UTC
481,1256,103,5,52424,2012-03-27 14:54:14 UTC,2012-03-27 14:54:14 UTC
482,1260,103,10,47315,2012-03-27 14:54:14 UTC,2012-03-27 14:54:14 UTC
483,1276,103,9,28112,2012-03-27 14:54:14 UTC,2012-03-27 14:54:14 UTC
484,1257,103,6,71973,2012-03-27 14:54:14 UTC,2012-03-27 14:54:14 UTC
485,1267,103,4,72655,2012-03-27 14:54:14 UTC,2012-03-27 14:54:14 UTC
486,584,104,8,86112,2012-03-27 14:54:14 UTC,2012-03-27 14:54:14 UTC
487,583,104,1,30410,2012-03-27 14:54:14 UTC,2012-03-27 14:54:14 UTC
488,590,104,9,80827,2012-03-27 14:54:14 UTC,2012-03-27 14:54:14 UTC
489,589,104,3,84793,2012-03-27 14:54:14 UTC,2012-03-27 14:54:14 UTC
490,583,104,5,30410,2012-03-27 14:54:14 UTC,2012-03-27 14:54:14 UTC
491,583,104,3,30410,2012-03-27 14:54:14 UTC,2012-03-27 14:54:14 UTC
492,584,104,7,86112,2012-03-27 14:54:15 UTC,2012-03-27 14:54:15 UTC
493,587,104,3,5003,2012-03-27 14:54:15 UTC,2012-03-27 14:54:15 UTC
494,1347,105,3,7272,2012-03-27 14:54:15 UTC,2012-03-27 14:54:15 UTC
495,1355,105,8,62014,2012-03-27 14:54:15 UTC,2012-03-27 14:54:15 UTC
496,1362,105,8,81510,2012-03-27 14:54:15 UTC,2012-03-27 14:54:15 UTC
497,1359,105,5,69266,2012-03-27 14:54:15 UTC,2012-03-27 14:54:15 UTC
498,1347,105,6,7272,2012-03-27 14:54:15 UTC,2012-03-27 14:54:15 UTC
499,2375,106,8,13595,2012-03-27 14:54:15 UTC,2012-03-27 14:54:15 UTC